,x_ego,y_ego,yaw_rad_ego,v_mps_ego,acc_mpss_ego,width_ego,length_ego,locationPoint2Head_ego,locationPoint2Rear_ego,end
0.0,350.6692,-566.9228,-0.4215,6,0,6.7,13.4,9.8,3.8,-1.0
0.1,351.207,-567.1508,-0.414,5.6303,-2.0,6.7,13.4,9.8,3.8,-1.0
0.2,351.7113,-567.3452,-0.3994,5.1687,-1.2605,6.7,13.4,9.8,3.8,-1.0
0.30000000000000004,352.1796,-567.5054,-0.3793,4.7182,-1.2605,6.7,13.4,9.8,3.8,-1.0
0.4,352.6219,-567.6272,-0.3497,4.4053,0.0,6.7,13.4,9.8,3.8,-1.0
0.5,353.0428,-567.708,-0.3101,4.0855,2.0,6.7,13.4,9.8,3.8,-1.0
0.6,353.4434,-567.7468,-0.2607,3.8469,2.0,6.7,13.4,9.8,3.8,-1.0
0.7,353.8361,-567.7385,-0.1975,3.797,2.0,6.7,13.4,9.8,3.8,-1.0
0.7999999999999999,354.2366,-567.7219,-0.1454,4.0298,2.0,6.7,13.4,9.8,3.8,-1.0
0.8999999999999999,354.6445,-567.7534,-0.1315,4.1214,2.0,6.7,13.4,9.8,3.8,-1.0
0.9999999999999999,355.0543,-567.8309,-0.1457,4.2201,2.0,6.7,13.4,9.8,3.8,-1.0
1.0999999999999999,355.4744,-567.9209,-0.1614,4.3562,2.0,6.7,13.4,9.8,3.8,-1.0
1.2,355.9065,-568.0162,-0.1753,4.4821,2.0,6.7,13.4,9.8,3.8,-1.0
1.3,356.3458,-568.0971,-0.1757,4.4226,2.0,6.7,13.4,9.8,3.8,-1.0
1.4000000000000001,356.7873,-568.1329,-0.1504,4.4244,2.0,6.7,13.4,9.8,3.8,-1.0
1.5000000000000002,357.2381,-568.1257,-0.1073,4.5116,2.0,6.7,13.4,9.8,3.8,-1.0
1.6000000000000003,357.6986,-568.1229,-0.0796,4.6364,2.0,6.7,13.4,9.8,3.8,-1.0
1.7000000000000004,358.1558,-568.1615,-0.0823,4.5122,2.0,6.7,13.4,9.8,3.8,-1.0
1.8000000000000005,358.5979,-568.2374,-0.106,4.4477,2.0,6.7,13.4,9.8,3.8,-1.0
1.9000000000000006,359.0301,-568.362,-0.1517,4.4628,2.0,6.7,13.4,9.8,3.8,-1.0
2.0000000000000004,359.4582,-568.5273,-0.2081,4.56,2.0,6.7,13.4,9.8,3.8,-1.0
2.1000000000000005,359.8968,-568.6936,-0.247,4.7221,2.0,6.7,13.4,9.8,3.8,-1.0
2.2000000000000006,360.357,-568.8254,-0.2544,4.8456,2.0,6.7,13.4,9.8,3.8,-1.0
2.3000000000000007,360.8282,-568.9312,-0.2439,4.7857,2.0,6.7,13.4,9.8,3.8,-1.0
2.400000000000001,361.3036,-569.018,-0.2273,4.8881,2.0,6.7,13.4,9.8,3.8,-1.0
2.500000000000001,361.7879,-569.1195,-0.2217,5.0067,2.0,6.7,13.4,9.8,3.8,-1.0
2.600000000000001,362.2799,-569.237,-0.2263,5.1083,2.0,6.7,13.4,9.8,3.8,-1.0
2.700000000000001,362.7762,-569.3795,-0.2424,5.2105,2.0,6.7,13.4,9.8,3.8,-1.0
2.800000000000001,363.2789,-569.5387,-0.2617,5.3206,2.0,6.7,13.4,9.8,3.8,-1.0
2.9000000000000012,363.7943,-569.6875,-0.2659,5.3976,2.0,6.7,13.4,9.8,3.8,-1.0
3.0000000000000013,364.3269,-569.8017,-0.2482,5.4914,2.0,6.7,13.4,9.8,3.8,-1.0
3.1000000000000014,364.8732,-569.9014,-0.2268,5.5976,2.0,6.7,13.4,9.8,3.8,-1.0
3.2000000000000015,365.4241,-570.0141,-0.2205,5.6305,2.0,6.7,13.4,9.8,3.8,-1.0
3.3000000000000016,365.9668,-570.1726,-0.2426,5.6672,2.0,6.7,13.4,9.8,3.8,-1.0
3.4000000000000017,366.5136,-570.3458,-0.2623,5.7859,2.0,6.7,13.4,9.8,3.8,-1.0
3.5000000000000018,367.0777,-570.488,-0.2555,5.8415,2.0,6.7,13.4,9.8,3.8,-1.0
3.600000000000002,367.6493,-570.6233,-0.2492,5.8941,2.0,6.7,13.4,9.8,3.8,-1.0
3.700000000000002,368.2133,-570.804,-0.2712,5.9425,2.0,6.7,13.4,9.8,3.8,-1.0
3.800000000000002,368.7819,-570.9933,-0.2867,6.0242,2.0,6.7,13.4,9.8,3.8,-1.0
3.900000000000002,369.3684,-571.148,-0.2757,6.1078,2.0,6.7,13.4,9.8,3.8,-1.0
4.000000000000002,369.9692,-571.2827,-0.2559,6.1963,2.0,6.7,13.4,9.8,3.8,-1.0
4.100000000000001,370.575,-571.426,-0.2492,6.2383,2.0,6.7,13.4,9.8,3.8,-1.0
4.200000000000001,371.1707,-571.614,-0.271,6.2415,2.0,6.7,13.4,9.8,3.8,-1.0
4.300000000000001,371.7654,-571.8214,-0.293,6.3416,2.0,6.7,13.4,9.8,3.8,-1.0
4.4,372.3772,-571.9971,-0.2865,6.38,2.0,6.7,13.4,9.8,3.8,-1.0
4.5,373.0016,-572.1505,-0.2701,6.4757,2.0,6.7,13.4,9.8,3.8,-1.0
4.6,373.6265,-572.326,-0.2731,6.4926,2.0,6.7,13.4,9.8,3.8,-1.0
4.699999999999999,374.2446,-572.5371,-0.2945,6.5694,2.0,6.7,13.4,9.8,3.8,-1.0
4.799999999999999,374.866,-572.7656,-0.3165,6.6578,2.0,6.7,13.4,9.8,3.8,-1.0
4.899999999999999,375.4974,-572.9883,-0.3235,6.7222,2.0,6.7,13.4,9.8,3.8,-1.0
4.999999999999998,376.1441,-573.1711,-0.3035,6.6993,2.0,6.7,13.4,9.8,3.8,-1.0
5.099999999999998,376.7969,-573.3372,-0.2838,6.7664,2.0,6.7,13.4,9.8,3.8,-1.0
5.1999999999999975,377.4435,-573.5432,-0.2951,6.7993,2.0,6.7,13.4,9.8,3.8,-1.0
5.299999999999997,378.0909,-573.7613,-0.3054,6.8536,2.0,6.7,13.4,9.8,3.8,-1.0
5.399999999999997,378.7546,-573.9394,-0.2869,6.882,2.0,6.7,13.4,9.8,3.8,-1.0
5.4999999999999964,379.4331,-574.0769,-0.2515,6.9373,2.0,6.7,13.4,9.8,3.8,-1.0
5.599999999999996,380.117,-574.2114,-0.2302,6.9718,2.0,6.7,13.4,9.8,3.8,-1.0
5.699999999999996,380.7928,-574.3855,-0.2408,6.9855,2.0,6.7,13.4,9.8,3.8,-1.0
5.799999999999995,381.4548,-574.6037,-0.2732,6.9203,2.0,6.7,13.4,9.8,3.8,-1.0
5.899999999999995,382.1086,-574.8437,-0.3037,6.9992,2.0,6.7,13.4,9.8,3.8,-1.0
5.999999999999995,382.7733,-575.0765,-0.3168,7.0798,2.0,6.7,13.4,9.8,3.8,-1.0
6.099999999999994,383.4487,-575.2983,-0.3156,7.134,2.0,6.7,13.4,9.8,3.8,-1.0
6.199999999999994,384.1375,-575.4978,-0.3016,7.2064,2.0,6.7,13.4,9.8,3.8,-1.0
6.299999999999994,384.8358,-575.6912,-0.2885,7.279,2.0,6.7,13.4,9.8,3.8,-1.0
6.399999999999993,385.5372,-575.8964,-0.2881,7.334,2.0,6.7,13.4,9.8,3.8,-1.0
6.499999999999993,386.2357,-576.131,-0.3039,7.4003,2.0,6.7,13.4,9.8,3.8,-1.0
6.5999999999999925,386.9288,-576.3956,-0.331,7.4168,2.0,6.7,13.4,9.8,3.8,-1.0
6.699999999999992,387.6189,-576.6734,-0.3518,7.4377,1.7651,6.7,13.4,9.8,3.8,-1.0
6.799999999999992,388.3219,-576.9146,-0.341,7.424,1.703,6.7,13.4,9.8,3.8,-1.0
6.8999999999999915,389.0388,-577.1107,-0.3079,7.4197,1.7452,6.7,13.4,9.8,3.8,-1.0
6.999999999999991,389.7662,-577.2824,-0.2756,7.504,1.7452,6.7,13.4,9.8,3.8,-1.0
7.099999999999991,390.491,-577.472,-0.2685,7.4593,1.5053,6.7,13.4,9.8,3.8,-1.0
7.19999999999999,391.2001,-577.6972,-0.2868,7.418,1.6402,6.7,13.4,9.8,3.8,-1.0
7.29999999999999,391.8922,-577.9672,-0.3248,7.4145,1.7645,6.7,13.4,9.8,3.8,-1.0
7.39999999999999,392.58,-578.2534,-0.3533,7.4529,1.7759,6.7,13.4,9.8,3.8,-1.0
7.499999999999989,393.2826,-578.505,-0.3476,7.473,1.6613,6.7,13.4,9.8,3.8,-1.0
7.599999999999989,394.0013,-578.7151,-0.319,7.487,1.6613,6.7,13.4,9.8,3.8,-1.0
7.699999999999989,394.7255,-578.9137,-0.2981,7.5074,1.5591,6.7,13.4,9.8,3.8,-1.0
7.799999999999988,395.4384,-579.1496,-0.3091,7.5108,1.4981,6.7,13.4,9.8,3.8,-1.0
7.899999999999988,396.1358,-579.4301,-0.3424,7.4977,1.4981,6.7,13.4,9.8,3.8,-1.0
7.999999999999988,396.8126,-579.7584,-0.3914,7.4982,1.5269,6.7,13.4,9.8,3.8,-1.0
8.099999999999987,397.4832,-580.1052,-0.4277,7.5573,1.5269,6.7,13.4,9.8,3.8,-1.0
8.199999999999987,398.1631,-580.4225,-0.4303,7.4249,1.3487,6.7,13.4,9.8,3.8,-1.0
8.299999999999986,398.8448,-580.7043,-0.4126,7.3319,1.7458,6.7,13.4,9.8,3.8,-1.0
8.399999999999986,399.538,-580.9419,-0.3763,7.303,2.0,6.7,13.4,9.8,3.8,-1.0
8.499999999999986,400.2466,-581.1292,-0.3249,7.2994,2.0,6.7,13.4,9.8,3.8,-1.0
8.599999999999985,400.9648,-581.2952,-0.2843,7.3988,2.0,6.7,13.4,9.8,3.8,-1.0
8.699999999999985,401.6759,-581.484,-0.2752,7.2873,1.8232,6.7,13.4,9.8,3.8,-1.0
8.799999999999985,402.3652,-581.6983,-0.2873,7.1459,2.0,6.7,13.4,9.8,3.8,-1.0
8.899999999999984,403.0319,-581.9458,-0.3165,7.0686,2.0,6.7,13.4,9.8,3.8,-1.0
8.999999999999984,403.676,-582.2358,-0.3613,7.0124,2.0,6.7,13.4,9.8,3.8,-1.0
9.099999999999984,404.3068,-582.5558,-0.4049,7.0937,2.0,6.7,13.4,9.8,3.8,-1.0
9.199999999999983,404.9383,-582.8892,-0.4382,7.1587,2.0,6.7,13.4,9.8,3.8,-1.0
9.299999999999983,405.5714,-583.2206,-0.4548,7.099,2.0,6.7,13.4,9.8,3.8,-1.0
9.399999999999983,406.2117,-583.5168,-0.4445,7.0098,2.0,6.7,13.4,9.8,3.8,-1.0
9.499999999999982,406.8592,-583.7721,-0.4157,6.8856,2.0,6.7,13.4,9.8,3.8,-1.0
9.599999999999982,407.5103,-583.9837,-0.3747,6.7648,2.0,6.7,13.4,9.8,3.8,-1.0
9.699999999999982,408.167,-584.1637,-0.333,6.8273,2.0,6.7,13.4,9.8,3.8,-1.0
9.799999999999981,408.8216,-584.3524,-0.3141,6.7582,2.0,6.7,13.4,9.8,3.8,-1.0
9.89999999999998,409.4578,-584.5724,-0.3231,6.7133,2.0,6.7,13.4,9.8,3.8,-1.0
9.99999999999998,410.0791,-584.8324,-0.3524,6.7481,2.0,6.7,13.4,9.8,3.8,-1.0
10.09999999999998,410.7023,-585.1047,-0.3746,6.8332,2.0,6.7,13.4,9.8,3.8,-1.0
10.19999999999998,411.3334,-585.3762,-0.3869,6.9023,2.0,6.7,13.4,9.8,3.8,-1.0
10.29999999999998,411.9743,-585.636,-0.3847,6.9222,2.0,6.7,13.4,9.8,3.8,-1.0
10.399999999999979,412.6321,-585.8563,-0.359,6.942,2.0,6.7,13.4,9.8,3.8,-1.0
10.499999999999979,413.2927,-586.073,-0.3438,6.9389,2.0,6.7,13.4,9.8,3.8,-1.0
10.599999999999978,413.9389,-586.3272,-0.3577,6.9535,2.0,6.7,13.4,9.8,3.8,-1.0
10.699999999999978,414.5821,-586.6006,-0.375,7.0161,2.0,6.7,13.4,9.8,3.8,-1.0
10.799999999999978,415.2302,-586.8771,-0.3864,7.0719,2.0,6.7,13.4,9.8,3.8,-1.0
10.899999999999977,415.887,-587.1422,-0.3838,7.0869,2.0,6.7,13.4,9.8,3.8,-1.0
10.999999999999977,416.5603,-587.3652,-0.3562,7.0819,2.0,6.7,13.4,9.8,3.8,-1.0
11.099999999999977,417.2409,-587.5742,-0.3338,7.1395,2.0,6.7,13.4,9.8,3.8,-1.0
11.199999999999976,417.9113,-587.8201,-0.3427,7.1327,2.0,6.7,13.4,9.8,3.8,-1.0
11.299999999999976,418.5748,-588.0902,-0.3604,7.1934,2.0,6.7,13.4,9.8,3.8,-1.0
11.399999999999975,419.2503,-588.3439,-0.3586,7.2332,2.0,6.7,13.4,9.8,3.8,-1.0
11.499999999999975,419.938,-588.5785,-0.3462,7.2974,2.0,6.7,13.4,9.8,3.8,-1.0
11.599999999999975,420.6332,-588.8108,-0.3362,7.3603,2.0,6.7,13.4,9.8,3.8,-1.0
11.699999999999974,421.3296,-589.0561,-0.3385,7.4029,2.0,6.7,13.4,9.8,3.8,-1.0
11.799999999999974,422.0206,-589.3304,-0.3558,7.4611,1.8111,6.7,13.4,9.8,3.8,-1.0
11.899999999999974,422.7185,-589.6014,-0.3608,7.5086,1.6363,6.7,13.4,9.8,3.8,-1.0
11.999999999999973,423.4316,-589.8458,-0.3469,7.5646,1.4931,6.7,13.4,9.8,3.8,-1.0
12.099999999999973,424.1562,-590.0743,-0.3284,7.6244,1.4931,6.7,13.4,9.8,3.8,-1.0
12.199999999999973,424.8834,-590.3106,-0.3237,7.6578,1.1268,6.7,13.4,9.8,3.8,-1.0
12.299999999999972,425.5989,-590.5887,-0.3459,7.6875,1.0265,6.7,13.4,9.8,3.8,-1.0
12.399999999999972,426.3109,-590.8921,-0.371,7.7785,1.0265,6.7,13.4,9.8,3.8,-1.0
12.499999999999972,427.0335,-591.1816,-0.374,7.7735,0.6645,6.7,13.4,9.8,3.8,-1.0
12.599999999999971,427.7701,-591.431,-0.3512,7.7742,0.6794,6.7,13.4,9.8,3.8,-1.0
12.69999999999997,428.5147,-591.6661,-0.332,7.8321,0.6773,6.7,13.4,9.8,3.8,-1.0
12.79999999999997,429.2501,-591.938,-0.3435,7.84,0.5037,6.7,13.4,9.8,3.8,-1.0
12.89999999999997,429.9825,-592.2223,-0.3544,7.8659,0.4799,6.7,13.4,9.8,3.8,-1.0
12.99999999999997,430.7291,-592.4741,-0.3402,7.8902,0.4024,6.7,13.4,9.8,3.8,-1.0
13.09999999999997,431.4864,-592.7034,-0.3187,7.9256,0.3293,6.7,13.4,9.8,3.8,-1.0
13.199999999999969,432.2461,-592.9356,-0.3097,7.9559,0.3293,6.7,13.4,9.8,3.8,-1.0
13.299999999999969,433.0021,-593.1884,-0.316,7.9865,0.1322,6.7,13.4,9.8,3.8,-1.0
13.399999999999968,433.745,-593.4573,-0.3311,7.7818,0.1322,6.7,13.4,9.8,3.8,-1.0
13.499999999999968,434.4588,-593.7501,-0.3583,7.6544,0.6545,6.7,13.4,9.8,3.8,-1.0
13.599999999999968,435.1479,-594.0808,-0.3991,7.6081,1.0368,6.7,13.4,9.8,3.8,-1.0
13.699999999999967,435.8168,-594.4534,-0.4485,7.6642,1.1757,6.7,13.4,9.8,3.8,-1.0
13.799999999999967,436.4871,-594.8364,-0.4788,7.7432,1.0076,6.7,13.4,9.8,3.8,-1.0
13.899999999999967,437.1789,-595.1897,-0.4743,7.7916,0.7705,6.7,13.4,9.8,3.8,-1.0
13.999999999999966,437.8848,-595.528,-0.4623,7.8603,0.6253,6.7,13.4,9.8,3.8,-1.0
14.099999999999966,438.5962,-595.8698,-0.4557,7.9228,0.4192,6.7,13.4,9.8,3.8,-1.0
14.199999999999966,439.3078,-596.2229,-0.4589,7.9606,0.4192,6.7,13.4,9.8,3.8,-1.0
14.299999999999965,440.0184,-596.5847,-0.4639,7.9822,0.1183,6.7,13.4,9.8,3.8,-1.0
14.399999999999965,440.7378,-596.9305,-0.4558,7.9799,0.0536,6.7,13.4,9.8,3.8,-1.0
14.499999999999964,441.4665,-597.257,-0.4395,7.9841,0.0602,6.7,13.4,9.8,3.8,-1.0
14.599999999999964,442.1952,-597.5843,-0.4323,7.9908,0.0602,6.7,13.4,9.8,3.8,-1.0
14.699999999999964,442.9109,-597.9364,-0.4451,7.9552,0.0277,6.7,13.4,9.8,3.8,-1.0
14.799999999999963,443.6186,-598.3006,-0.4579,7.959,0.1343,6.7,13.4,9.8,3.8,-1.0
14.899999999999963,444.3376,-598.6431,-0.4514,7.9692,0.123,6.7,13.4,9.8,3.8,-1.0
14.999999999999963,445.0657,-598.9675,-0.4357,7.9678,0.123,6.7,13.4,9.8,3.8,-1.0
15.099999999999962,445.7928,-599.2913,-0.4294,7.9406,0.0965,6.7,13.4,9.8,3.8,-1.0
15.199999999999962,446.5022,-599.6477,-0.4468,7.9389,0.1782,6.7,13.4,9.8,3.8,-1.0
15.299999999999962,447.212,-600.0041,-0.4541,7.942,0.1832,6.7,13.4,9.8,3.8,-1.0
15.399999999999961,447.9364,-600.3306,-0.4392,7.9461,0.174,6.7,13.4,9.8,3.8,-1.0
15.499999999999961,448.6609,-600.6574,-0.4333,7.9454,0.1617,6.7,13.4,9.8,3.8,-1.0
15.59999999999996,449.3729,-601.0114,-0.4468,7.9554,0.1638,6.7,13.4,9.8,3.8,-1.0
15.69999999999996,450.079,-601.38,-0.4628,7.9708,0.1339,6.7,13.4,9.8,3.8,-1.0
15.79999999999996,450.7889,-601.7432,-0.4664,7.9733,0.1339,6.7,13.4,9.8,3.8,-1.0
15.89999999999996,451.5106,-602.0833,-0.4539,7.9822,0.0803,6.7,13.4,9.8,3.8,-1.0
15.99999999999996,452.2432,-602.3966,-0.4297,7.9362,0.0803,6.7,13.4,9.8,3.8,-1.0
16.09999999999996,452.9903,-602.6634,-0.3884,7.8998,0.1913,6.7,13.4,9.8,3.8,-1.0
16.19999999999996,453.7403,-602.9152,-0.36,7.8939,0.1913,6.7,13.4,9.8,3.8,-1.0
16.29999999999996,454.4752,-603.2003,-0.366,7.874,0.3184,6.7,13.4,9.8,3.8,-1.0
16.399999999999963,455.1885,-603.5213,-0.393,7.741,0.3184,6.7,13.4,9.8,3.8,-1.0
16.499999999999964,455.8776,-603.876,-0.4309,7.7606,0.7769,6.7,13.4,9.8,3.8,-1.0
16.599999999999966,456.5549,-604.2653,-0.4727,7.8265,0.7184,6.7,13.4,9.8,3.8,-1.0
16.699999999999967,457.2344,-604.6635,-0.4976,7.9033,0.7184,6.7,13.4,9.8,3.8,-1.0
16.79999999999997,457.9327,-605.0408,-0.496,7.9711,0.2901,6.7,13.4,9.8,3.8,-1.0
16.89999999999997,458.6425,-605.3955,-0.4798,7.8695,0.2901,6.7,13.4,9.8,3.8,-1.0
16.99999999999997,459.3634,-605.7077,-0.4461,7.8377,0.3915,6.7,13.4,9.8,3.8,-1.0
17.099999999999973,460.1023,-605.9759,-0.4003,7.8456,0.487,6.7,13.4,9.8,3.8,-1.0
17.199999999999974,460.8483,-606.2322,-0.3697,7.9026,0.487,6.7,13.4,9.8,3.8,-1.0
17.299999999999976,461.5896,-606.5127,-0.3666,7.9497,0.2922,6.7,13.4,9.8,3.8,-1.0
17.399999999999977,462.3212,-606.8136,-0.3786,7.848,0.2922,6.7,13.4,9.8,3.8,-1.0
17.49999999999998,463.0285,-607.1504,-0.4098,7.8178,0.4561,6.7,13.4,9.8,3.8,-1.0
17.59999999999998,463.7301,-607.5021,-0.4335,7.8607,0.5466,6.7,13.4,9.8,3.8,-1.0
17.69999999999998,464.4491,-607.8206,-0.4246,7.8612,0.418,6.7,13.4,9.8,3.8,-1.0
17.799999999999983,465.1764,-608.1243,-0.4122,7.9004,0.4166,6.7,13.4,9.8,3.8,-1.0
17.899999999999984,465.8963,-608.4523,-0.4202,7.9186,0.299,6.7,13.4,9.8,3.8,-1.0
17.999999999999986,466.6168,-608.7824,-0.4233,7.9259,0.2443,6.7,13.4,9.8,3.8,-1.0
18.099999999999987,467.3491,-609.0883,-0.4103,7.9458,0.2223,6.7,13.4,9.8,3.8,-1.0
18.19999999999999,468.0795,-609.4021,-0.4094,7.9486,0.1626,6.7,13.4,9.8,3.8,-1.0
18.29999999999999,468.8053,-609.728,-0.4147,7.9641,0.1542,6.7,13.4,9.8,3.8,-1.0
18.39999999999999,469.5387,-610.0394,-0.408,7.9704,0.1078,6.7,13.4,9.8,3.8,-1.0
18.499999999999993,470.279,-610.3365,-0.3956,7.9799,0.089,6.7,13.4,9.8,3.8,-1.0
18.599999999999994,471.0206,-610.6328,-0.389,7.9908,0.089,6.7,13.4,9.8,3.8,-1.0
18.699999999999996,471.7533,-610.9493,-0.3989,7.9646,0.0276,6.7,13.4,9.8,3.8,-1.0
18.799999999999997,472.4678,-611.3012,-0.4269,7.9539,0.1061,6.7,13.4,9.8,3.8,-1.0
18.9,473.1797,-611.6575,-0.4428,7.9566,0.1061,6.7,13.4,9.8,3.8,-1.0
19.0,473.9038,-611.9876,-0.4352,7.9607,0.1302,6.7,13.4,9.8,3.8,-1.0
19.1,474.6365,-612.2897,-0.4137,7.8708,0.1302,6.7,13.4,9.8,3.8,-1.0
19.200000000000003,475.3777,-612.5449,-0.3748,7.7776,0.3876,6.7,13.4,9.8,3.8,-1.0
19.300000000000004,476.1229,-612.7761,-0.3422,7.8137,0.3876,6.7,13.4,9.8,3.8,-1.0
19.400000000000006,476.8568,-613.0342,-0.3417,7.7308,0.559,6.7,13.4,9.8,3.8,-1.0
19.500000000000007,477.5709,-613.3265,-0.3641,7.7058,0.8076,6.7,13.4,9.8,3.8,-1.0
19.60000000000001,478.2656,-613.664,-0.405,7.709,0.8827,6.7,13.4,9.8,3.8,-1.0
19.70000000000001,478.9353,-614.0456,-0.457,7.6404,0.8827,6.7,13.4,9.8,3.8,-1.0
19.80000000000001,479.5737,-614.4646,-0.5136,7.5649,1.0788,6.7,13.4,9.8,3.8,-1.0
19.900000000000013,480.1869,-614.9177,-0.569,7.6353,1.0788,6.7,13.4,9.8,3.8,-1.0
20.000000000000014,480.7964,-615.3766,-0.6017,7.5649,1.0942,6.7,13.4,9.8,3.8,-1.0
20.100000000000016,481.4102,-615.8088,-0.6056,7.4472,1.3053,6.7,13.4,9.8,3.8,-1.0
20.200000000000017,482.0341,-616.2073,-0.5884,7.3587,1.3053,6.7,13.4,9.8,3.8,-1.0
20.30000000000002,482.6735,-616.5663,-0.5546,7.2832,1.9238,6.7,13.4,9.8,3.8,-1.0
20.40000000000002,483.3311,-616.8807,-0.5075,7.2507,1.9238,6.7,13.4,9.8,3.8,-1.0
20.50000000000002,484.0094,-617.1457,-0.449,7.2365,2.0,6.7,13.4,9.8,3.8,-1.0
20.600000000000023,484.6971,-617.3895,-0.4044,7.2905,2.0,6.7,13.4,9.8,3.8,-1.0
20.700000000000024,485.3704,-617.6572,-0.395,7.1786,2.0,6.7,13.4,9.8,3.8,-1.0
20.800000000000026,486.0212,-617.9506,-0.4081,7.1045,2.0,6.7,13.4,9.8,3.8,-1.0
20.900000000000027,486.6494,-618.2819,-0.4411,7.0815,2.0,6.7,13.4,9.8,3.8,-1.0
21.00000000000003,487.267,-618.6407,-0.4756,7.1786,2.0,6.7,13.4,9.8,3.8,-1.0
21.10000000000003,487.899,-618.9875,-0.4848,7.2283,2.0,6.7,13.4,9.8,3.8,-1.0
21.20000000000003,488.554,-619.2992,-0.4665,7.2763,2.0,6.7,13.4,9.8,3.8,-1.0
21.300000000000033,489.219,-619.6055,-0.4531,7.3583,2.0,6.7,13.4,9.8,3.8,-1.0
21.400000000000034,489.8828,-619.9324,-0.4552,7.4407,1.9253,6.7,13.4,9.8,3.8,-1.0
21.500000000000036,490.5591,-620.2499,-0.4471,7.4991,1.678,6.7,13.4,9.8,3.8,-1.0
21.600000000000037,491.2545,-620.5415,-0.4249,7.5725,1.5029,6.7,13.4,9.8,3.8,-1.0
21.70000000000004,491.9645,-620.8181,-0.4012,7.6532,1.5029,6.7,13.4,9.8,3.8,-1.0
21.80000000000004,492.6776,-621.1032,-0.3935,7.6955,1.0405,6.7,13.4,9.8,3.8,-1.0
21.90000000000004,493.3775,-621.4283,-0.4133,7.7358,0.9137,6.7,13.4,9.8,3.8,-1.0
22.000000000000043,494.0749,-621.7744,-0.4341,7.8258,0.9137,6.7,13.4,9.8,3.8,-1.0
22.100000000000044,494.7825,-622.1042,-0.4336,7.7634,0.5226,6.7,13.4,9.8,3.8,-1.0
22.200000000000045,495.5006,-622.3946,-0.4101,7.7296,0.71,6.7,13.4,9.8,3.8,-1.0
22.300000000000047,496.2358,-622.645,-0.3725,7.7845,0.8112,6.7,13.4,9.8,3.8,-1.0
22.40000000000005,496.9874,-622.8669,-0.3331,7.8574,0.6467,6.7,13.4,9.8,3.8,-1.0
22.50000000000005,497.7468,-623.0862,-0.3106,7.93,0.6467,6.7,13.4,9.8,3.8,-1.0
22.60000000000005,498.4965,-623.3393,-0.3188,7.8767,0.2102,6.7,13.4,9.8,3.8,-1.0
22.700000000000053,499.2354,-623.6146,-0.3358,7.9014,0.3701,6.7,13.4,9.8,3.8,-1.0
22.800000000000054,499.983,-623.8711,-0.332,7.898,0.2959,6.7,13.4,9.8,3.8,-1.0
22.900000000000055,500.7406,-624.0997,-0.314,7.9255,0.3059,6.7,13.4,9.8,3.8,-1.0
23.000000000000057,501.4981,-624.3361,-0.3099,7.9414,0.2235,6.7,13.4,9.8,3.8,-1.0
23.10000000000006,502.2546,-624.5804,-0.3104,7.9568,0.176,6.7,13.4,9.8,3.8,-1.0
23.20000000000006,503.0188,-624.8024,-0.2968,7.9567,0.1296,6.7,13.4,9.8,3.8,-1.0
23.30000000000006,503.7866,-625.0151,-0.2852,7.9735,0.1299,6.7,13.4,9.8,3.8,-1.0
23.400000000000063,504.5523,-625.2395,-0.2856,7.9819,0.0795,6.7,13.4,9.8,3.8,-1.0
23.500000000000064,505.3164,-625.4717,-0.29,7.9896,0.0544,6.7,13.4,9.8,3.8,-1.0
23.600000000000065,506.0838,-625.6923,-0.2844,7.9799,0.0544,6.7,13.4,9.8,3.8,-1.0
23.700000000000067,506.8581,-625.8866,-0.2662,7.9813,0.0602,6.7,13.4,9.8,3.8,-1.0
23.800000000000068,507.6381,-626.0511,-0.238,7.9437,0.0602,6.7,13.4,9.8,3.8,-1.0
23.90000000000007,508.4241,-626.1701,-0.1964,7.9231,0.1689,6.7,13.4,9.8,3.8,-1.0
24.00000000000007,509.2099,-626.2782,-0.1702,7.9139,0.1689,6.7,13.4,9.8,3.8,-1.0
24.100000000000072,509.9868,-626.4223,-0.1777,7.8913,0.2584,6.7,13.4,9.8,3.8,-1.0
24.200000000000074,510.7497,-626.6073,-0.2063,7.7831,0.2584,6.7,13.4,9.8,3.8,-1.0
24.300000000000075,511.4944,-626.8088,-0.2317,7.6031,0.6507,6.7,13.4,9.8,3.8,-1.0
24.400000000000077,512.2211,-626.9924,-0.2377,7.3871,1.1907,6.7,13.4,9.8,3.8,-1.0
24.500000000000078,512.9347,-627.1495,-0.2278,7.2356,1.1907,6.7,13.4,9.8,3.8,-1.0
24.60000000000008,513.6419,-627.2704,-0.2026,7.1007,2.0,6.7,13.4,9.8,3.8,-1.0
24.70000000000008,514.3452,-627.3495,-0.1644,7.0282,2.0,6.7,13.4,9.8,3.8,-1.0
24.800000000000082,515.0479,-627.3795,-0.1137,6.9764,2.0,6.7,13.4,9.8,3.8,-1.0
24.900000000000084,515.7499,-627.3563,-0.0529,6.9893,2.0,6.7,13.4,9.8,3.8,-1.0
25.000000000000085,516.4523,-627.3129,-0.0077,6.9988,2.0,6.7,13.4,9.8,3.8,-1.0
25.100000000000087,517.1506,-627.2992,0.0014,6.9675,2.0,6.7,13.4,9.8,3.8,-1.0
25.200000000000088,517.8465,-627.3264,-0.0164,6.9591,2.0,6.7,13.4,9.8,3.8,-1.0
25.30000000000009,518.5454,-627.3776,-0.0385,7.0479,2.0,6.7,13.4,9.8,3.8,-1.0
25.40000000000009,519.2531,-627.4241,-0.0494,7.1334,2.0,6.7,13.4,9.8,3.8,-1.0
25.500000000000092,519.9687,-627.4569,-0.0466,7.1884,2.0,6.7,13.4,9.8,3.8,-1.0
25.600000000000094,520.6894,-627.4467,-0.02,7.2104,2.0,6.7,13.4,9.8,3.8,-1.0
25.700000000000095,521.4149,-627.4204,0.0021,7.2927,2.0,6.7,13.4,9.8,3.8,-1.0
25.800000000000097,522.1475,-627.428,-0.0044,7.3603,2.0,6.7,13.4,9.8,3.8,-1.0
25.900000000000098,522.8867,-627.436,-0.0058,7.4192,1.9193,6.7,13.4,9.8,3.8,-1.0
26.0000000000001,523.6309,-627.4045,0.0159,7.4707,1.7424,6.7,13.4,9.8,3.8,-1.0
26.1000000000001,524.3815,-627.3642,0.031,7.5518,1.588,6.7,13.4,9.8,3.8,-1.0
26.200000000000102,525.1404,-627.3474,0.0266,7.631,1.3447,6.7,13.4,9.8,3.8,-1.0
26.300000000000104,525.9076,-627.3395,0.0193,7.7121,1.1072,6.7,13.4,9.8,3.8,-1.0
26.400000000000105,526.6813,-627.3183,0.0242,7.764,1.1072,6.7,13.4,9.8,3.8,-1.0
26.500000000000107,527.4592,-627.2604,0.0475,7.8297,0.708,6.7,13.4,9.8,3.8,-1.0
26.600000000000108,528.239,-627.1657,0.0821,7.8514,0.708,6.7,13.4,9.8,3.8,-1.0
26.70000000000011,529.0147,-627.022,0.1297,7.8851,0.4457,6.7,13.4,9.8,3.8,-1.0
26.80000000000011,529.7898,-626.8634,0.1618,7.893,0.4457,6.7,13.4,9.8,3.8,-1.0
26.900000000000112,530.5623,-626.7355,0.1616,7.7491,0.321,6.7,13.4,9.8,3.8,-1.0
27.000000000000114,531.3238,-626.6428,0.1425,7.5872,0.7529,6.7,13.4,9.8,3.8,-1.0
27.100000000000115,532.0778,-626.592,0.1083,7.5206,0.7529,6.7,13.4,9.8,3.8,-1.0
27.200000000000117,532.8343,-626.5653,0.0772,7.6059,1.4383,6.7,13.4,9.8,3.8,-1.0
27.300000000000118,533.5983,-626.5273,0.0653,7.6901,1.1825,6.7,13.4,9.8,3.8,-1.0
27.40000000000012,534.3688,-626.4756,0.0673,7.7518,1.1825,6.7,13.4,9.8,3.8,-1.0
27.50000000000012,535.141,-626.3844,0.0911,7.7857,0.7446,6.7,13.4,9.8,3.8,-1.0
27.600000000000122,535.9118,-626.25,0.1289,7.8374,0.6431,6.7,13.4,9.8,3.8,-1.0
27.700000000000124,536.6867,-626.1067,0.1522,7.8994,0.6431,6.7,13.4,9.8,3.8,-1.0
27.800000000000125,537.4666,-625.9992,0.1439,7.8265,0.3018,6.7,13.4,9.8,3.8,-1.0
27.900000000000126,538.2466,-625.9296,0.1182,7.8418,0.5205,6.7,13.4,9.8,3.8,-1.0
28.000000000000128,539.0327,-625.8863,0.089,7.8879,0.4748,6.7,13.4,9.8,3.8,-1.0
28.10000000000013,539.8222,-625.8413,0.0757,7.9149,0.4748,6.7,13.4,9.8,3.8,-1.0
28.20000000000013,540.6053,-625.7585,0.0906,7.8145,0.2554,6.7,13.4,9.8,3.8,-1.0
28.300000000000132,541.3722,-625.635,0.123,7.6999,0.5566,6.7,13.4,9.8,3.8,-1.0
28.400000000000134,542.1255,-625.4687,0.1661,7.7121,0.5566,6.7,13.4,9.8,3.8,-1.0
28.500000000000135,542.8784,-625.2947,0.1922,7.7115,0.8639,6.7,13.4,9.8,3.8,-1.0
28.600000000000136,543.6364,-625.1548,0.1863,7.7051,0.8657,6.7,13.4,9.8,3.8,-1.0
28.700000000000138,544.4019,-625.0594,0.157,7.7092,0.8846,6.7,13.4,9.8,3.8,-1.0
28.80000000000014,545.1756,-624.9942,0.1245,7.7998,0.8846,6.7,13.4,9.8,3.8,-1.0
28.90000000000014,545.9501,-624.9168,0.1146,7.7386,0.6006,6.7,13.4,9.8,3.8,-1.0
29.000000000000142,546.713,-624.8045,0.1301,7.6895,0.7842,6.7,13.4,9.8,3.8,-1.0
29.100000000000144,547.4655,-624.648,0.1649,7.6598,0.9315,6.7,13.4,9.8,3.8,-1.0
29.200000000000145,548.207,-624.4424,0.2133,7.6897,0.9315,6.7,13.4,9.8,3.8,-1.0
29.300000000000146,548.9469,-624.2209,0.2469,7.7107,0.931,6.7,13.4,9.8,3.8,-1.0
29.400000000000148,549.6936,-624.0311,0.2462,7.6977,0.8679,6.7,13.4,9.8,3.8,-1.0
29.50000000000015,550.4493,-623.8832,0.2211,7.693,0.8679,6.7,13.4,9.8,3.8,-1.0
29.60000000000015,551.2146,-623.7845,0.1781,7.7031,0.921,6.7,13.4,9.8,3.8,-1.0
29.700000000000152,551.9856,-623.7047,0.1457,7.7654,0.921,6.7,13.4,9.8,3.8,-1.0
29.800000000000153,552.7557,-623.5889,0.1488,7.8098,0.704,6.7,13.4,9.8,3.8,-1.0
29.900000000000155,553.5169,-623.4349,0.1727,7.6902,0.704,6.7,13.4,9.8,3.8,-1.0
30.000000000000156,554.2568,-623.2477,0.2069,7.5493,0.9293,6.7,13.4,9.8,3.8,-1.0
30.100000000000158,554.9762,-623.0208,0.2515,7.5118,0.9293,6.7,13.4,9.8,3.8,-1.0
30.20000000000016,555.6902,-622.7735,0.2861,7.5618,1.4646,6.7,13.4,9.8,3.8,-1.0
30.30000000000016,556.4168,-622.559,0.2848,7.5914,1.3147,6.7,13.4,9.8,3.8,-1.0
30.400000000000162,557.1586,-622.3856,0.2593,7.6362,1.2259,6.7,13.4,9.8,3.8,-1.0
30.500000000000163,557.9091,-622.221,0.2413,7.7181,1.2259,6.7,13.4,9.8,3.8,-1.0
30.600000000000165,558.6532,-622.0235,0.2507,7.6609,0.8458,6.7,13.4,9.8,3.8,-1.0
30.700000000000166,559.3816,-621.7867,0.2803,7.6512,1.0174,6.7,13.4,9.8,3.8,-1.0
30.800000000000168,560.0946,-621.5012,0.3265,7.6673,1.0465,6.7,13.4,9.8,3.8,-1.0
30.90000000000017,560.8026,-621.1885,0.3661,7.7768,1.0465,6.7,13.4,9.8,3.8,-1.0
31.00000000000017,561.5203,-620.8909,0.3769,7.735,0.6695,6.7,13.4,9.8,3.8,-1.0
31.100000000000172,562.2446,-620.629,0.3621,7.6662,0.7951,6.7,13.4,9.8,3.8,-1.0
31.200000000000173,562.9803,-620.4103,0.3282,7.6754,0.7951,6.7,13.4,9.8,3.8,-1.0
31.300000000000175,563.7224,-620.2052,0.3035,7.6903,0.9738,6.7,13.4,9.8,3.8,-1.0
31.400000000000176,564.4525,-619.9667,0.3105,7.6693,0.9291,6.7,13.4,9.8,3.8,-1.0
31.500000000000178,565.1678,-619.6861,0.34,7.6882,0.9923,6.7,13.4,9.8,3.8,-1.0
31.60000000000018,565.8815,-619.3859,0.365,7.7806,0.9355,6.7,13.4,9.8,3.8,-1.0
31.70000000000018,566.6102,-619.1033,0.3664,7.8477,0.6584,6.7,13.4,9.8,3.8,-1.0
31.800000000000182,567.3497,-618.831,0.3601,7.9128,0.4569,6.7,13.4,9.8,3.8,-1.0
31.900000000000183,568.0892,-618.5451,0.3653,7.9376,0.4569,6.7,13.4,9.8,3.8,-1.0
32.000000000000185,568.8182,-618.2261,0.3877,7.9696,0.1872,6.7,13.4,9.8,3.8,-1.0
32.100000000000186,569.5334,-617.8742,0.4211,7.9431,0.1872,6.7,13.4,9.8,3.8,-1.0
32.20000000000019,570.2236,-617.479,0.4682,7.9221,0.1708,6.7,13.4,9.8,3.8,-1.0
32.30000000000019,570.904,-617.0712,0.5002,7.9032,0.1708,6.7,13.4,9.8,3.8,-1.0
32.40000000000019,571.5908,-616.6945,0.4997,7.7515,0.2905,6.7,13.4,9.8,3.8,-1.0
32.50000000000019,572.2789,-616.3548,0.4803,7.5887,0.7454,6.7,13.4,9.8,3.8,-1.0
32.60000000000019,572.974,-616.0575,0.4456,7.5251,0.7454,6.7,13.4,9.8,3.8,-1.0
32.700000000000195,573.6783,-615.7797,0.4161,7.6016,1.4248,6.7,13.4,9.8,3.8,-1.0
32.800000000000196,574.3796,-615.4762,0.4134,7.6822,1.1953,6.7,13.4,9.8,3.8,-1.0
32.9000000000002,575.0793,-615.1511,0.424,7.7461,1.1953,6.7,13.4,9.8,3.8,-1.0
33.0000000000002,575.7774,-614.8056,0.4399,7.8265,0.7619,6.7,13.4,9.8,3.8,-1.0
33.1000000000002,576.4792,-614.4501,0.4531,7.9028,0.5207,6.7,13.4,9.8,3.8,-1.0
33.2000000000002,577.1893,-614.0965,0.4563,7.9576,0.5207,6.7,13.4,9.8,3.8,-1.0
33.3000000000002,577.9071,-613.7494,0.4538,7.9829,0.1273,6.7,13.4,9.8,3.8,-1.0
33.400000000000205,578.6169,-613.3851,0.4643,7.9673,0.0514,6.7,13.4,9.8,3.8,-1.0
33.500000000000206,579.3103,-612.9921,0.4886,7.9644,0.0982,6.7,13.4,9.8,3.8,-1.0
33.60000000000021,579.9992,-612.59,0.5064,7.9812,0.0982,6.7,13.4,9.8,3.8,-1.0
33.70000000000021,580.6965,-612.2057,0.5038,7.9328,0.0565,6.7,13.4,9.8,3.8,-1.0
33.80000000000021,581.4034,-611.8448,0.4894,7.9456,0.2018,6.7,13.4,9.8,3.8,-1.0
33.90000000000021,582.1122,-611.4833,0.4812,7.9666,0.1631,6.7,13.4,9.8,3.8,-1.0
34.00000000000021,582.8155,-611.1095,0.4858,7.9575,0.1631,6.7,13.4,9.8,3.8,-1.0
34.100000000000215,583.4966,-610.6999,0.5127,7.9218,0.1276,6.7,13.4,9.8,3.8,-1.0
34.200000000000216,584.1507,-610.252,0.5542,7.9033,0.2348,6.7,13.4,9.8,3.8,-1.0
34.30000000000022,584.7975,-609.7942,0.5813,7.9212,0.2348,6.7,13.4,9.8,3.8,-1.0
34.40000000000022,585.4596,-609.3678,0.5758,7.8156,0.2363,6.7,13.4,9.8,3.8,-1.0
34.50000000000022,586.1371,-608.9806,0.5488,7.7938,0.5532,6.7,13.4,9.8,3.8,-1.0
34.60000000000022,586.8381,-608.6339,0.5072,7.8176,0.6186,6.7,13.4,9.8,3.8,-1.0
34.70000000000022,587.5482,-608.2963,0.4795,7.8828,0.6186,6.7,13.4,9.8,3.8,-1.0
34.800000000000225,588.2413,-607.9309,0.4833,7.7638,0.3517,6.7,13.4,9.8,3.8,-1.0
34.900000000000226,588.9069,-607.537,0.5076,7.7093,0.7085,6.7,13.4,9.8,3.8,-1.0
35.00000000000023,589.5487,-607.1042,0.547,7.7537,0.8721,6.7,13.4,9.8,3.8,-1.0
35.10000000000023,590.1905,-606.6596,0.5724,7.839,0.7391,6.7,13.4,9.8,3.8,-1.0
35.20000000000023,590.8516,-606.2331,0.5719,7.8916,0.483,6.7,13.4,9.8,3.8,-1.0
35.30000000000023,591.5104,-605.7976,0.5787,7.8959,0.3253,6.7,13.4,9.8,3.8,-1.0
35.40000000000023,592.1481,-605.33,0.6042,7.9094,0.3125,6.7,13.4,9.8,3.8,-1.0
35.500000000000234,592.7736,-604.8419,0.6312,7.9433,0.3125,6.7,13.4,9.8,3.8,-1.0
35.600000000000236,593.4029,-604.3594,0.6403,7.898,0.1702,6.7,13.4,9.8,3.8,-1.0
35.70000000000024,594.051,-603.9131,0.6219,7.8346,0.3061,6.7,13.4,9.8,3.8,-1.0
35.80000000000024,594.7198,-603.5033,0.5883,7.8421,0.3061,6.7,13.4,9.8,3.8,-1.0
35.90000000000024,595.3885,-603.0964,0.5707,7.7881,0.4737,6.7,13.4,9.8,3.8,-1.0
36.00000000000024,596.0318,-602.6639,0.5817,7.7138,0.6359,6.7,13.4,9.8,3.8,-1.0
36.10000000000024,596.6449,-602.1987,0.6131,7.6655,0.6359,6.7,13.4,9.8,3.8,-1.0
36.200000000000244,597.2456,-601.7157,0.6407,7.7401,1.0037,6.7,13.4,9.8,3.8,-1.0
36.300000000000246,597.8694,-601.2516,0.6392,7.8096,0.7797,6.7,13.4,9.8,3.8,-1.0
36.40000000000025,598.4962,-600.7822,0.642,7.8439,0.5713,6.7,13.4,9.8,3.8,-1.0
36.50000000000025,599.1027,-600.2816,0.6647,7.8754,0.4685,6.7,13.4,9.8,3.8,-1.0
36.60000000000025,599.6946,-599.7579,0.6924,7.9161,0.3738,6.7,13.4,9.8,3.8,-1.0
36.70000000000025,600.2889,-599.2313,0.7062,7.9545,0.3738,6.7,13.4,9.8,3.8,-1.0
36.80000000000025,600.8994,-598.7187,0.7023,7.9896,0.1366,6.7,13.4,9.8,3.8,-1.0
36.900000000000254,601.5256,-598.2247,0.6851,7.9453,0.1366,6.7,13.4,9.8,3.8,-1.0
37.000000000000256,602.1769,-597.7719,0.6479,7.8968,0.1642,6.7,13.4,9.8,3.8,-1.0
37.10000000000026,602.836,-597.3353,0.6203,7.8849,0.1642,6.7,13.4,9.8,3.8,-1.0
37.20000000000026,603.4693,-596.8771,0.6242,7.7367,0.3452,6.7,13.4,9.8,3.8,-1.0
37.30000000000026,604.0709,-596.3962,0.6479,7.6731,0.79,6.7,13.4,9.8,3.8,-1.0
37.40000000000026,604.641,-595.8794,0.6887,7.6927,0.9808,6.7,13.4,9.8,3.8,-1.0
37.50000000000026,605.2029,-595.3448,0.7199,7.7922,0.9218,6.7,13.4,9.8,3.8,-1.0
37.600000000000264,605.7882,-594.8257,0.7213,7.851,0.6233,6.7,13.4,9.8,3.8,-1.0
37.700000000000266,606.3919,-594.319,0.7105,7.9104,0.4471,6.7,13.4,9.8,3.8,-1.0
37.80000000000027,606.9931,-593.8024,0.7115,7.9362,0.4471,6.7,13.4,9.8,3.8,-1.0
37.90000000000027,607.5739,-593.2588,0.7309,7.9682,0.1915,6.7,13.4,9.8,3.8,-1.0
38.00000000000027,608.142,-592.6964,0.7541,8.0088,0.1915,6.7,13.4,9.8,3.8,-1.0
38.10000000000027,608.6993,-592.1176,0.7778,8.0505,0.1915,6.7,13.4,9.8,3.8,-1.0
38.20000000000027,609.2337,-591.5165,0.81,8.004,0.1915,6.7,13.4,9.8,3.8,-1.0
38.300000000000274,609.745,-590.91,0.8372,7.8084,-0.0079,6.7,13.4,9.8,3.8,-1.0
38.400000000000276,610.2553,-590.3323,0.8407,7.6196,0.5749,6.7,13.4,9.8,3.8,-1.0
38.50000000000028,610.7739,-589.7857,0.8271,7.4482,1.1414,6.7,13.4,9.8,3.8,-1.0
38.60000000000028,611.3025,-589.2717,0.8025,7.2853,1.6554,6.7,13.4,9.8,3.8,-1.0
38.70000000000028,611.8442,-588.7929,0.7688,7.1503,1.6554,6.7,13.4,9.8,3.8,-1.0
38.80000000000028,612.4059,-588.3527,0.7247,7.0873,2.0,6.7,13.4,9.8,3.8,-1.0
38.90000000000028,612.9969,-587.9553,0.6687,7.089,2.0,6.7,13.4,9.8,3.8,-1.0
39.000000000000284,613.6047,-587.5738,0.6253,7.2081,2.0,6.7,13.4,9.8,3.8,-1.0
39.100000000000286,614.208,-587.1705,0.611,7.2985,2.0,6.7,13.4,9.8,3.8,-1.0
39.20000000000029,614.8194,-586.764,0.6008,7.3819,2.0,6.7,13.4,9.8,3.8,-1.0
39.30000000000029,615.4415,-586.3587,0.5907,7.4645,2.0,6.7,13.4,9.8,3.8,-1.0
39.40000000000029,616.0608,-585.9388,0.5944,7.4925,2.0,6.7,13.4,9.8,3.8,-1.0
39.50000000000029,616.6674,-585.5096,0.6029,7.3326,1.5226,6.7,13.4,9.8,3.8,-1.0
39.60000000000029,617.2681,-585.1067,0.5971,7.1324,2.0,6.7,13.4,9.8,3.8,-1.0
39.700000000000294,617.8644,-584.7334,0.5811,6.9333,2.0,6.7,13.4,9.8,3.8,-1.0
39.800000000000296,618.4573,-584.3918,0.5575,6.7371,2.0,6.7,13.4,9.8,3.8,-1.0
39.9000000000003,619.0468,-584.0835,0.528,6.544,2.0,6.7,13.4,9.8,3.8,-1.0
40.0000000000003,619.6327,-583.8099,0.4938,6.3551,2.0,6.7,13.4,9.8,3.8,-1.0
40.1000000000003,620.2143,-583.5715,0.4556,6.1704,2.0,6.7,13.4,9.8,3.8,-1.0
40.2000000000003,620.7943,-583.3718,0.4113,6.0463,2.0,6.7,13.4,9.8,3.8,-1.0
40.3000000000003,621.3743,-583.1895,0.3759,6.0619,2.0,6.7,13.4,9.8,3.8,-1.0
40.400000000000304,621.943,-582.9719,0.3741,6.1258,2.0,6.7,13.4,9.8,3.8,-1.0
40.500000000000306,622.51,-582.7271,0.3862,6.222,2.0,6.7,13.4,9.8,3.8,-1.0
40.60000000000031,623.0829,-582.4718,0.3979,6.3186,2.0,6.7,13.4,9.8,3.8,-1.0
40.70000000000031,623.6574,-582.1982,0.4154,6.3989,2.0,6.7,13.4,9.8,3.8,-1.0
40.80000000000031,624.2312,-581.9032,0.4374,6.4906,2.0,6.7,13.4,9.8,3.8,-1.0
40.90000000000031,624.8094,-581.5964,0.456,6.5871,2.0,6.7,13.4,9.8,3.8,-1.0
41.00000000000031,625.3908,-581.2769,0.4737,6.6734,2.0,6.7,13.4,9.8,3.8,-1.0
41.100000000000314,625.973,-580.9408,0.4929,6.7599,2.0,6.7,13.4,9.8,3.8,-1.0
41.200000000000315,626.5559,-580.589,0.5125,6.8451,2.0,6.7,13.4,9.8,3.8,-1.0
41.30000000000032,627.1413,-580.225,0.5296,6.9337,2.0,6.7,13.4,9.8,3.8,-1.0
41.40000000000032,627.7354,-579.8587,0.5381,7.0216,2.0,6.7,13.4,9.8,3.8,-1.0
41.50000000000032,628.3318,-579.4812,0.5494,7.0928,2.0,6.7,13.4,9.8,3.8,-1.0
41.60000000000032,628.9233,-579.0817,0.5679,7.1739,2.0,6.7,13.4,9.8,3.8,-1.0
41.70000000000032,629.5144,-578.667,0.5861,7.2584,2.0,6.7,13.4,9.8,3.8,-1.0
41.800000000000324,630.1168,-578.2556,0.5902,7.3273,2.0,6.7,13.4,9.8,3.8,-1.0
41.900000000000325,630.7301,-577.8477,0.5895,7.4037,2.0,6.7,13.4,9.8,3.8,-1.0
42.00000000000033,631.3406,-577.4216,0.5982,7.4852,1.7889,6.7,13.4,9.8,3.8,-1.0
42.10000000000033,631.9463,-576.9758,0.6147,7.5507,1.7889,6.7,13.4,9.8,3.8,-1.0
42.20000000000033,632.5547,-576.5213,0.6255,7.633,1.3481,6.7,13.4,9.8,3.8,-1.0
42.30000000000033,633.1787,-576.0747,0.6233,7.714,1.1009,6.7,13.4,9.8,3.8,-1.0
42.40000000000033,633.8119,-575.6269,0.6198,7.7953,0.8581,6.7,13.4,9.8,3.8,-1.0
42.500000000000334,634.4439,-575.1649,0.6259,7.8618,0.8581,6.7,13.4,9.8,3.8,-1.0
42.600000000000335,635.0609,-574.6739,0.6479,7.8931,0.4146,6.7,13.4,9.8,3.8,-1.0
42.70000000000034,635.6767,-574.1773,0.6607,7.9168,0.3207,6.7,13.4,9.8,3.8,-1.0
42.80000000000034,636.3129,-573.7047,0.6499,7.9337,0.2495,6.7,13.4,9.8,3.8,-1.0
42.90000000000034,636.9621,-573.2461,0.6336,7.9567,0.1989,6.7,13.4,9.8,3.8,-1.0
43.00000000000034,637.6078,-572.7807,0.6307,7.9571,0.1989,6.7,13.4,9.8,3.8,-1.0
43.10000000000034,638.2269,-572.2844,0.6528,7.8961,0.1288,6.7,13.4,9.8,3.8,-1.0
43.200000000000344,638.8098,-571.7539,0.6934,7.8377,0.3117,6.7,13.4,9.8,3.8,-1.0
43.300000000000345,639.3766,-571.2083,0.7257,7.8755,0.3117,6.7,13.4,9.8,3.8,-1.0
43.40000000000035,639.9613,-570.6869,0.7256,7.7766,0.3736,6.7,13.4,9.8,3.8,-1.0
43.50000000000035,640.5444,-570.1843,0.7198,7.5924,0.6703,6.7,13.4,9.8,3.8,-1.0
43.60000000000035,641.0994,-569.6819,0.7274,7.378,1.2227,6.7,13.4,9.8,3.8,-1.0
43.70000000000035,641.6235,-569.1771,0.7445,7.1728,1.2227,6.7,13.4,9.8,3.8,-1.0
43.80000000000035,642.1157,-568.668,0.7687,6.9757,2.0,6.7,13.4,9.8,3.8,-1.0
43.900000000000354,642.5746,-568.154,0.7983,6.7817,2.0,6.7,13.4,9.8,3.8,-1.0
44.000000000000355,642.9989,-567.6353,0.8323,6.5903,2.0,6.7,13.4,9.8,3.8,-1.0
44.10000000000036,643.3877,-567.1123,0.8699,6.4023,2.0,6.7,13.4,9.8,3.8,-1.0
44.20000000000036,643.7401,-566.5858,0.9106,6.2179,2.0,6.7,13.4,9.8,3.8,-1.0
44.30000000000036,644.0556,-566.057,0.9541,6.0369,2.0,6.7,13.4,9.8,3.8,-1.0
44.40000000000036,644.3335,-565.5271,1.0002,5.8593,2.0,6.7,13.4,9.8,3.8,-1.0
44.50000000000036,644.5733,-564.9974,1.0488,5.6854,2.0,6.7,13.4,9.8,3.8,-1.0
44.600000000000364,644.7748,-564.4698,1.0998,5.5154,2.0,6.7,13.4,9.8,3.8,-1.0
44.700000000000365,644.9376,-563.9457,1.1531,5.3489,2.0,6.7,13.4,9.8,3.8,-1.0
44.80000000000037,645.0714,-563.4514,1.1969,4.767,-0.6979,6.7,13.4,9.8,3.8,-1.0
44.90000000000037,645.1968,-563.0182,1.2195,4.2376,-0.0,6.7,13.4,9.8,3.8,-1.0
45.00000000000037,645.323,-562.6391,1.2255,3.7525,-0.0,6.7,13.4,9.8,3.8,-1.0
45.10000000000037,645.4542,-562.3128,1.2173,3.278,-0.0,6.7,13.4,9.8,3.8,-1.0
45.20000000000037,645.5953,-562.0382,1.1952,2.857,-0.0,6.7,13.4,9.8,3.8,-1.0
45.300000000000374,645.7489,-561.8158,1.1592,2.4292,-0.0,6.7,13.4,9.8,3.8,-1.0
45.400000000000375,645.9138,-561.6482,1.1098,2.0037,-0.0,6.7,13.4,9.8,3.8,-1.0
45.50000000000038,646.0903,-561.5377,1.0456,1.6575,-0.0001,6.7,13.4,9.8,3.8,-1.0
45.60000000000038,646.274,-561.4615,0.9749,1.6017,-0.0001,6.7,13.4,9.8,3.8,-1.0
45.70000000000038,646.4561,-561.3849,0.9123,1.7222,-0.0001,6.7,13.4,9.8,3.8,-1.0
45.80000000000038,646.637,-561.3129,0.8544,1.6864,-0.0001,6.7,13.4,9.8,3.8,-1.0
45.90000000000038,646.7983,-561.2348,0.8141,1.577,-0.0001,6.7,13.4,9.8,3.8,-1.0
46.000000000000384,646.9075,-561.1443,0.8045,1.2175,-0.0001,6.7,13.4,9.8,3.8,-1.0
46.100000000000385,646.9668,-561.0496,0.8184,1.0426,-0.0001,6.7,13.4,9.8,3.8,-1.0
46.20000000000039,647.02,-560.9569,0.8329,1.0281,-0.0001,6.7,13.4,9.8,3.8,-1.0
46.30000000000039,647.0715,-560.8675,0.846,0.9905,-0.0001,6.7,13.4,9.8,3.8,-1.0
46.40000000000039,647.1201,-560.7808,0.8585,0.954,-0.0001,6.7,13.4,9.8,3.8,-1.0
46.50000000000039,647.1658,-560.6969,0.8705,0.9173,-0.0001,6.7,13.4,9.8,3.8,-1.0
46.60000000000039,647.2089,-560.6157,0.882,0.881,-0.0001,6.7,13.4,9.8,3.8,-1.0
46.700000000000394,647.2493,-560.5373,0.8931,0.8453,-0.0001,6.7,13.4,9.8,3.8,-1.0
46.800000000000395,647.2864,-560.4614,0.9042,0.8067,-0.0001,6.7,13.4,9.8,3.8,-1.0
46.9000000000004,647.3201,-560.388,0.9155,0.7687,-0.0001,6.7,13.4,9.8,3.8,-1.0
47.0000000000004,647.3524,-560.3177,0.9258,0.7391,-0.0001,6.7,13.4,9.8,3.8,-1.0
47.1000000000004,647.3827,-560.2503,0.9355,0.7051,-0.0001,6.7,13.4,9.8,3.8,-1.0
47.2000000000004,647.411,-560.1857,0.9448,0.6719,-0.0001,6.7,13.4,9.8,3.8,-1.0
47.3000000000004,647.4374,-560.124,0.9536,0.639,-0.0001,6.7,13.4,9.8,3.8,-1.0
47.400000000000404,647.462,-560.0651,0.962,0.6067,-0.0001,6.7,13.4,9.8,3.8,-1.0
47.500000000000405,647.4849,-560.0091,0.97,0.5747,-0.0001,6.7,13.4,9.8,3.8,-1.0
47.600000000000406,647.5061,-559.956,0.9775,0.5432,-0.0001,6.7,13.4,9.8,3.8,-1.0
47.70000000000041,647.5257,-559.9056,0.9846,0.5119,-0.0001,6.7,13.4,9.8,3.8,-1.0
47.80000000000041,647.5439,-559.8581,0.9913,0.4812,-0.0001,6.7,13.4,9.8,3.8,-1.0
47.90000000000041,647.5607,-559.8135,0.9976,0.451,-0.0001,6.7,13.4,9.8,3.8,-1.0
48.00000000000041,647.5762,-559.7716,1.0033,0.4215,-0.0001,6.7,13.4,9.8,3.8,-1.0
48.10000000000041,647.5905,-559.7325,1.0087,0.3919,-0.0001,6.7,13.4,9.8,3.8,-1.0
48.200000000000415,647.6036,-559.6962,1.0137,0.3627,-0.0001,6.7,13.4,9.8,3.8,-1.0
48.300000000000416,647.6155,-559.6626,1.0183,0.3338,-0.0001,6.7,13.4,9.8,3.8,-1.0
48.40000000000042,647.6263,-559.6318,1.0226,0.3054,-0.0001,6.7,13.4,9.8,3.8,-1.0
48.50000000000042,647.6361,-559.6036,1.0264,0.2775,-0.0001,6.7,13.4,9.8,3.8,-1.0
48.60000000000042,647.6448,-559.5781,1.0299,0.2498,-0.0001,6.7,13.4,9.8,3.8,-1.0
48.70000000000042,647.6525,-559.5552,1.033,0.2225,-0.0001,6.7,13.4,9.8,3.8,-1.0
48.80000000000042,647.6593,-559.5349,1.0358,0.1956,-0.0001,6.7,13.4,9.8,3.8,-1.0
48.900000000000425,647.6652,-559.5173,1.0381,0.1692,-0.0001,6.7,13.4,9.8,3.8,-1.0
49.000000000000426,647.6703,-559.5021,1.0402,0.143,-0.0001,6.7,13.4,9.8,3.8,-1.0
49.10000000000043,647.6744,-559.4895,1.0418,0.1173,-0.0001,6.7,13.4,9.8,3.8,-1.0
49.20000000000043,647.6778,-559.4794,1.0432,0.0919,-0.0001,6.7,13.4,9.8,3.8,-1.0
49.30000000000043,647.6803,-559.4717,1.0442,0.0668,-0.0001,6.7,13.4,9.8,3.8,-1.0
49.40000000000043,647.682,-559.4664,1.0449,0.0416,-0.0001,6.7,13.4,9.8,3.8,-1.0
49.50000000000043,647.683,-559.4636,1.0453,0.0172,-0.0001,6.7,13.4,9.8,3.8,-1.0
49.600000000000435,647.6831,-559.4631,1.0454,-0.0074,-0.0001,6.7,13.4,9.8,3.8,-1.0
49.700000000000436,647.6825,-559.465,1.0451,-0.0318,-0.0001,6.7,13.4,9.8,3.8,-1.0
49.80000000000044,647.6811,-559.4692,1.0446,-0.0556,-0.0001,6.7,13.4,9.8,3.8,-1.0
49.90000000000044,647.679,-559.4758,1.0437,-0.0793,-0.0001,6.7,13.4,9.8,3.8,-1.0
50.00000000000044,647.676,-559.4846,1.0425,-0.1026,-0.0001,6.7,13.4,9.8,3.8,-1.0
50.10000000000044,647.6724,-559.4957,1.041,-0.1253,-0.0001,6.7,13.4,9.8,3.8,-1.0
50.20000000000044,647.6679,-559.5089,1.0393,-0.148,-0.0001,6.7,13.4,9.8,3.8,-1.0
50.300000000000445,647.6627,-559.5244,1.0372,-0.1705,-0.0001,6.7,13.4,9.8,3.8,-1.0
50.400000000000446,647.6568,-559.542,1.0349,-0.1927,-0.0001,6.7,13.4,9.8,3.8,-1.0
50.50000000000045,647.65,-559.5617,1.0323,-0.2145,-0.0001,6.7,13.4,9.8,3.8,-1.0
50.60000000000045,647.6426,-559.5835,1.0294,-0.236,-0.0001,6.7,13.4,9.8,3.8,-1.0
50.70000000000045,647.6343,-559.6073,1.0262,-0.2572,-0.0001,6.7,13.4,9.8,3.8,-1.0
50.80000000000045,647.6252,-559.6331,1.0227,-0.2781,-0.0001,6.7,13.4,9.8,3.8,-1.0
50.90000000000045,647.6153,-559.6609,1.019,-0.2988,-0.0001,6.7,13.4,9.8,3.8,-1.0
51.000000000000455,647.6046,-559.6906,1.015,-0.3192,-0.0001,6.7,13.4,9.8,3.8,-1.0
51.100000000000456,647.5931,-559.7223,1.0108,-0.3393,-0.0001,6.7,13.4,9.8,3.8,-1.0
51.20000000000046,647.5807,-559.7558,1.0063,-0.3592,-0.0001,6.7,13.4,9.8,3.8,-1.0
51.30000000000046,647.5675,-559.7911,1.0015,-0.3788,-0.0001,6.7,13.4,9.8,3.8,-1.0
51.40000000000046,647.5534,-559.8282,0.9965,-0.3981,-0.0001,6.7,13.4,9.8,3.8,-1.0
51.50000000000046,647.5383,-559.867,0.9913,-0.4172,-0.0001,6.7,13.4,9.8,3.8,-1.0
51.60000000000046,647.5224,-559.9076,0.9858,-0.436,-0.0001,6.7,13.4,9.8,3.8,-1.0
51.700000000000465,647.5055,-559.9499,0.9801,-0.4544,-0.0001,6.7,13.4,9.8,3.8,-1.0
51.800000000000466,647.4877,-559.9938,0.9742,-0.4727,-0.0001,6.7,13.4,9.8,3.8,-1.0
51.90000000000047,647.4688,-560.0393,0.968,-0.4909,-0.0001,6.7,13.4,9.8,3.8,-1.0
52.00000000000047,647.4489,-560.0863,0.9617,-0.5089,-0.0001,6.7,13.4,9.8,3.8,-1.0
52.10000000000047,647.4279,-560.1348,0.9551,-0.5263,-0.0001,6.7,13.4,9.8,3.8,-1.0
52.20000000000047,647.4059,-560.1848,0.9483,-0.5434,-0.0001,6.7,13.4,9.8,3.8,-1.0
52.30000000000047,647.3829,-560.2363,0.9413,-0.5604,-0.0001,6.7,13.4,9.8,3.8,-1.0
52.400000000000475,647.3586,-560.2891,0.9342,-0.5779,-0.0001,6.7,13.4,9.8,3.8,-1.0
52.500000000000476,647.3331,-560.3432,0.9271,-0.5949,-0.0001,6.7,13.4,9.8,3.8,-1.0
52.60000000000048,647.3063,-560.3986,0.9197,-0.6113,-0.0001,6.7,13.4,9.8,3.8,-1.0
52.70000000000048,647.2784,-560.4553,0.9122,-0.6278,-0.0001,6.7,13.4,9.8,3.8,-1.0
52.80000000000048,647.2491,-560.5131,0.9046,-0.6442,-0.0001,6.7,13.4,9.8,3.8,-1.0
52.90000000000048,647.2184,-560.5721,0.8969,-0.6604,-0.0001,6.7,13.4,9.8,3.8,-1.0
53.00000000000048,647.1863,-560.6321,0.8892,-0.6766,-0.0001,6.7,13.4,9.8,3.8,-1.0
53.100000000000485,647.153,-560.6932,0.8814,-0.6919,-0.0001,6.7,13.4,9.8,3.8,-1.0
53.200000000000486,647.1182,-560.7553,0.8735,-0.7077,-0.0001,6.7,13.4,9.8,3.8,-1.0
53.30000000000049,647.0821,-560.8184,0.8655,-0.7225,-0.0001,6.7,13.4,9.8,3.8,-1.0
53.40000000000049,647.044,-560.8822,0.8579,-0.7399,-0.0001,6.7,13.4,9.8,3.8,-1.0
53.50000000000049,647.0036,-560.9464,0.8508,-0.7568,-0.0001,6.7,13.4,9.8,3.8,-1.0
53.60000000000049,646.9617,-561.0113,0.8437,-0.7718,-0.0001,6.7,13.4,9.8,3.8,-1.0
53.70000000000049,646.9184,-561.0771,0.8366,-0.7858,-0.0001,6.7,13.4,9.8,3.8,-1.0
53.800000000000495,646.8733,-561.1435,0.8298,-0.8014,-0.0001,6.7,13.4,9.8,3.8,-1.0
53.900000000000496,646.8269,-561.2106,0.8229,-0.815,-0.0001,6.7,13.4,9.8,3.8,-1.0
54.0000000000005,646.7774,-561.2773,0.8172,-0.8331,-0.0001,6.7,13.4,9.8,3.8,-1.0
54.1000000000005,646.7247,-561.3434,0.813,-0.8498,-0.0001,6.7,13.4,9.8,3.8,-1.0
54.2000000000005,646.6704,-561.4099,0.8091,-0.863,-0.0001,6.7,13.4,9.8,3.8,-1.0
54.3000000000005,646.6145,-561.4769,0.8055,-0.8769,-0.0001,6.7,13.4,9.8,3.8,-1.0
54.4000000000005,646.5573,-561.5445,0.802,-0.8897,-0.0001,6.7,13.4,9.8,3.8,-1.0
54.500000000000504,646.4958,-561.6099,0.8012,-0.9044,-0.0001,6.7,13.4,9.8,3.8,-1.0
54.600000000000506,646.4326,-561.6755,0.8011,-0.9169,-0.0001,6.7,13.4,9.8,3.8,-1.0
54.70000000000051,646.3657,-561.7388,0.8036,-0.9262,-0.0001,6.7,13.4,9.8,3.8,-1.0
54.80000000000051,646.2936,-561.7974,0.8107,-0.9251,-0.0001,6.7,13.4,9.8,3.8,-1.0
54.90000000000051,646.2201,-561.8561,0.8187,-0.9368,-0.0001,6.7,13.4,9.8,3.8,-1.0
55.00000000000051,646.145,-561.9143,0.8282,-0.9419,-0.0001,6.7,13.4,9.8,3.8,-1.0
55.10000000000051,646.0693,-561.9735,0.838,-0.953,-0.0001,6.7,13.4,9.8,3.8,-1.0
55.200000000000514,645.9878,-562.0222,0.8556,-0.8927,-0.0001,6.7,13.4,9.8,3.8,-1.0
55.300000000000516,645.902,-562.0555,0.8824,-0.7828,-0.0001,6.7,13.4,9.8,3.8,-1.0
55.40000000000052,645.8148,-562.0808,0.9144,-0.7314,-0.0001,6.7,13.4,9.8,3.8,-1.0
55.50000000000052,645.7273,-562.1073,0.9474,-0.7386,-0.0001,6.7,13.4,9.8,3.8,-1.0
55.60000000000052,645.6394,-562.1297,0.9836,-0.6685,-0.0001,6.7,13.4,9.8,3.8,-1.0
55.70000000000052,645.5514,-562.1532,1.0211,-0.6745,-0.0001,6.7,13.4,9.8,3.8,-1.0
55.80000000000052,645.4636,-562.1802,1.0588,-0.6805,-0.0001,6.7,13.4,9.8,3.8,-1.0
55.900000000000524,645.3761,-562.2107,1.0969,-0.6864,-0.0001,6.7,13.4,9.8,3.8,-1.0
56.000000000000526,645.2891,-562.2449,1.1354,-0.6923,-0.0001,6.7,13.4,9.8,3.8,-1.0
56.10000000000053,645.2027,-562.2828,1.1741,-0.6981,-0.0001,6.7,13.4,9.8,3.8,-1.0
56.20000000000053,645.1172,-562.3243,1.2132,-0.7038,-0.0001,6.7,13.4,9.8,3.8,-1.0
56.30000000000053,645.0327,-562.3695,1.2526,-0.7095,-0.0001,6.7,13.4,9.8,3.8,-1.0
56.40000000000053,644.9711,-562.4129,1.2803,-0.3887,-0.0,6.7,13.4,9.8,3.8,-1.0
56.50000000000053,644.9533,-562.4263,1.2884,-0.0047,-0.0,6.7,13.4,9.8,3.8,-1.0
56.600000000000534,644.9521,-562.4272,1.2889,-0.0172,-0.0,6.7,13.4,9.8,3.8,-1.0
56.700000000000536,644.9495,-562.4288,1.2902,-0.0287,-0.0,6.7,13.4,9.8,3.8,-1.0
56.80000000000054,644.9455,-562.4313,1.2921,-0.0402,-0.0,6.7,13.4,9.8,3.8,-1.0
56.90000000000054,644.9403,-562.4345,1.2946,-0.0513,-0.0,6.7,13.4,9.8,3.8,-1.0
57.00000000000054,644.9337,-562.4386,1.2978,-0.0626,-0.0,6.7,13.4,9.8,3.8,-1.0
57.10000000000054,644.9259,-562.4435,1.3015,-0.0737,-0.0,6.7,13.4,9.8,3.8,-1.0
57.20000000000054,644.9169,-562.4493,1.3059,-0.0848,-0.0,6.7,13.4,9.8,3.8,-1.0
57.300000000000544,644.9066,-562.4559,1.311,-0.0958,-0.0,6.7,13.4,9.8,3.8,-1.0
57.400000000000546,644.8951,-562.4634,1.3166,-0.1067,-0.0,6.7,13.4,9.8,3.8,-1.0
57.50000000000055,644.8824,-562.4717,1.3228,-0.1175,-0.0,6.7,13.4,9.8,3.8,-1.0
57.60000000000055,644.8686,-562.4809,1.3296,-0.1283,-0.0,6.7,13.4,9.8,3.8,-1.0
57.70000000000055,644.8536,-562.4911,1.337,-0.1391,-0.0,6.7,13.4,9.8,3.8,-1.0
57.80000000000055,644.8537,-562.5017,1.3354,-0.0764,-0.0,6.7,13.4,9.8,3.8,-1.0
57.90000000000055,644.859,-562.5114,1.3309,-0.0873,-0.0,6.7,13.4,9.8,3.8,-1.0
58.000000000000554,644.865,-562.5225,1.3257,-0.0983,-0.0,6.7,13.4,9.8,3.8,-1.0
58.100000000000556,644.8583,-562.5302,1.3286,-0.0857,-0.0,6.7,13.4,9.8,3.8,-1.0
58.20000000000056,644.8481,-562.537,1.3337,-0.0965,-0.0,6.7,13.4,9.8,3.8,-1.0
58.30000000000056,644.8367,-562.5448,1.3393,-0.1074,-0.0,6.7,13.4,9.8,3.8,-1.0
58.40000000000056,644.8387,-562.5549,1.3367,-0.0839,-0.0,6.7,13.4,9.8,3.8,-1.0
58.50000000000056,644.8445,-562.5654,1.3318,-0.0946,-0.0,6.7,13.4,9.8,3.8,-1.0
58.60000000000056,644.8377,-562.5731,1.3347,-0.0859,-0.0,6.7,13.4,9.8,3.8,-1.0
58.700000000000564,644.8404,-562.5826,1.3317,-0.0848,-0.0,6.7,13.4,9.8,3.8,-1.0
58.800000000000566,644.8462,-562.5934,1.3267,-0.0955,-0.0,6.7,13.4,9.8,3.8,-1.0
58.90000000000057,644.8527,-562.6054,1.3211,-0.1065,-0.0,6.7,13.4,9.8,3.8,-1.0
59.00000000000057,644.8598,-562.6188,1.3149,-0.1174,-0.0,6.7,13.4,9.8,3.8,-1.0
59.10000000000057,644.8536,-562.6271,1.3172,-0.0821,-0.0,6.7,13.4,9.8,3.8,-1.0
59.20000000000057,644.8438,-562.6336,1.3221,-0.0928,-0.0,6.7,13.4,9.8,3.8,-1.0
59.30000000000057,644.8327,-562.641,1.3275,-0.1038,-0.0,6.7,13.4,9.8,3.8,-1.0
59.400000000000574,644.8348,-562.651,1.3248,-0.0846,-0.0,6.7,13.4,9.8,3.8,-1.0
59.500000000000576,644.8405,-562.6618,1.3198,-0.0954,-0.0,6.7,13.4,9.8,3.8,-1.0
59.60000000000058,644.8336,-562.6693,1.3227,-0.0859,-0.0,6.7,13.4,9.8,3.8,-1.0
59.70000000000058,644.8233,-562.6762,1.3278,-0.0966,-0.0,6.7,13.4,9.8,3.8,-1.0
59.80000000000058,644.8257,-562.6861,1.3249,-0.0857,-0.0,6.7,13.4,9.8,3.8,-1.0
59.90000000000058,644.8315,-562.697,1.3198,-0.0964,-0.0,6.7,13.4,9.8,3.8,-1.0
60.00000000000058,644.8247,-562.7045,1.3228,-0.0858,-0.0,6.7,13.4,9.8,3.8,-1.0
60.100000000000584,644.8273,-562.7142,1.3197,-0.0848,-0.0,6.7,13.4,9.8,3.8,-1.0
60.200000000000585,644.833,-562.7249,1.3147,-0.0955,-0.0,6.7,13.4,9.8,3.8,-1.0
60.30000000000059,644.8261,-562.7325,1.3177,-0.0859,-0.0,6.7,13.4,9.8,3.8,-1.0
60.40000000000059,644.8287,-562.7421,1.3146,-0.0848,-0.0,6.7,13.4,9.8,3.8,-1.0
60.50000000000059,644.8218,-562.7492,1.3177,-0.0843,-0.0,6.7,13.4,9.8,3.8,-1.0
60.60000000000059,644.8244,-562.7587,1.3146,-0.0842,-0.0,6.7,13.4,9.8,3.8,-1.0
60.70000000000059,644.83,-562.7695,1.3097,-0.095,-0.0,6.7,13.4,9.8,3.8,-1.0
60.800000000000594,644.823,-562.7769,1.3126,-0.0859,-0.0,6.7,13.4,9.8,3.8,-1.0
60.900000000000595,644.8127,-562.7837,1.3177,-0.0966,-0.0,6.7,13.4,9.8,3.8,-1.0
61.0000000000006,644.815,-562.7936,1.3148,-0.0857,-0.0,6.7,13.4,9.8,3.8,-1.0
61.1000000000006,644.8207,-562.8045,1.3097,-0.0964,-0.0,6.7,13.4,9.8,3.8,-1.0
61.2000000000006,644.827,-562.8168,1.3041,-0.1074,-0.0,6.7,13.4,9.8,3.8,-1.0
61.3000000000006,644.8204,-562.8247,1.3067,-0.0843,-0.0,6.7,13.4,9.8,3.8,-1.0
61.4000000000006,644.8229,-562.8343,1.3037,-0.0842,-0.0,6.7,13.4,9.8,3.8,-1.0
61.500000000000604,644.8159,-562.8412,1.3067,-0.084,-0.0,6.7,13.4,9.8,3.8,-1.0
61.600000000000605,644.8184,-562.8508,1.3037,-0.0841,-0.0,6.7,13.4,9.8,3.8,-1.0
61.70000000000061,644.8114,-562.8578,1.3067,-0.084,-0.0,6.7,13.4,9.8,3.8,-1.0
61.80000000000061,644.8012,-562.8643,1.3116,-0.0948,-0.0,6.7,13.4,9.8,3.8,-1.0
61.90000000000061,644.8035,-562.8742,1.3087,-0.0858,-0.0,6.7,13.4,9.8,3.8,-1.0
62.00000000000061,644.8092,-562.8852,1.3037,-0.0965,-0.0,6.7,13.4,9.8,3.8,-1.0
62.10000000000061,644.8154,-562.8975,1.298,-0.1075,-0.0,6.7,13.4,9.8,3.8,-1.0
62.200000000000614,644.8087,-562.9053,1.3006,-0.0843,-0.0,6.7,13.4,9.8,3.8,-1.0
62.300000000000615,644.7985,-562.9118,1.3056,-0.095,-0.0,6.7,13.4,9.8,3.8,-1.0
62.40000000000062,644.8007,-562.9218,1.3027,-0.0858,-0.0,6.7,13.4,9.8,3.8,-1.0
62.50000000000062,644.8063,-562.9328,1.2976,-0.0965,-0.0,6.7,13.4,9.8,3.8,-1.0
62.60000000000062,644.7993,-562.9402,1.3005,-0.0858,-0.0,6.7,13.4,9.8,3.8,-1.0
62.70000000000062,644.8017,-562.9499,1.2975,-0.0848,-0.0,6.7,13.4,9.8,3.8,-1.0
62.80000000000062,644.8072,-562.9608,1.2925,-0.0955,-0.0,6.7,13.4,9.8,3.8,-1.0
62.900000000000624,644.8001,-562.9682,1.2954,-0.0859,-0.0,6.7,13.4,9.8,3.8,-1.0
63.000000000000625,644.8025,-562.9779,1.2924,-0.0848,-0.0,6.7,13.4,9.8,3.8,-1.0
63.10000000000063,644.8079,-562.9888,1.2874,-0.0955,-0.0,6.7,13.4,9.8,3.8,-1.0
63.20000000000063,644.8008,-562.9961,1.2903,-0.0859,-0.0,6.7,13.4,9.8,3.8,-1.0
63.30000000000063,644.8031,-563.0058,1.2873,-0.0848,-0.0,6.7,13.4,9.8,3.8,-1.0
63.40000000000063,644.8084,-563.0168,1.2823,-0.0955,-0.0,6.7,13.4,9.8,3.8,-1.0
63.50000000000063,644.8013,-563.0241,1.2852,-0.0859,-0.0,6.7,13.4,9.8,3.8,-1.0
63.600000000000634,644.7908,-563.0305,1.2903,-0.0966,-0.0,6.7,13.4,9.8,3.8,-1.0
63.700000000000635,644.779,-563.0378,1.296,-0.1076,-0.0,6.7,13.4,9.8,3.8,-1.0
63.80000000000064,644.7806,-563.048,1.2934,-0.0838,-0.0,6.7,13.4,9.8,3.8,-1.0
63.90000000000064,644.7859,-563.0588,1.2884,-0.0946,-0.0,6.7,13.4,9.8,3.8,-1.0
64.00000000000064,644.7918,-563.071,1.2829,-0.1055,-0.0,6.7,13.4,9.8,3.8,-1.0
64.10000000000063,644.7983,-563.0845,1.2767,-0.1164,-0.0,6.7,13.4,9.8,3.8,-1.0
64.20000000000063,644.7919,-563.0925,1.2791,-0.0823,-0.0,6.7,13.4,9.8,3.8,-1.0
64.30000000000062,644.7817,-563.0987,1.2839,-0.0931,-0.0,6.7,13.4,9.8,3.8,-1.0
64.40000000000062,644.7703,-563.1056,1.2894,-0.104,-0.0,6.7,13.4,9.8,3.8,-1.0
64.50000000000061,644.772,-563.1157,1.2867,-0.0846,-0.0,6.7,13.4,9.8,3.8,-1.0
64.6000000000006,644.7773,-563.1267,1.2817,-0.0953,-0.0,6.7,13.4,9.8,3.8,-1.0
64.7000000000006,644.7832,-563.139,1.2761,-0.1063,-0.0,6.7,13.4,9.8,3.8,-1.0
64.8000000000006,644.7763,-563.1466,1.2788,-0.0845,-0.0,6.7,13.4,9.8,3.8,-1.0
64.90000000000059,644.7786,-563.1563,1.2758,-0.0843,-0.0,6.7,13.4,9.8,3.8,-1.0
65.00000000000058,644.7837,-563.1673,1.2708,-0.0951,-0.0,6.7,13.4,9.8,3.8,-1.0
65.10000000000058,644.7895,-563.1796,1.2652,-0.106,-0.0,6.7,13.4,9.8,3.8,-1.0
65.20000000000057,644.7958,-563.1933,1.259,-0.1169,-0.0,6.7,13.4,9.8,3.8,-1.0
65.30000000000057,644.7892,-563.2013,1.2614,-0.0822,-0.0,6.7,13.4,9.8,3.8,-1.0
65.40000000000056,644.7789,-563.2072,1.2662,-0.093,-0.0,6.7,13.4,9.8,3.8,-1.0
65.50000000000055,644.7809,-563.2172,1.2633,-0.0858,-0.0,6.7,13.4,9.8,3.8,-1.0
65.60000000000055,644.786,-563.2284,1.2582,-0.0966,-0.0,6.7,13.4,9.8,3.8,-1.0
65.70000000000054,644.7787,-563.2356,1.2611,-0.0858,-0.0,6.7,13.4,9.8,3.8,-1.0
65.80000000000054,644.768,-563.2418,1.2662,-0.0966,-0.0,6.7,13.4,9.8,3.8,-1.0
65.90000000000053,644.7698,-563.2518,1.2633,-0.0857,-0.0,6.7,13.4,9.8,3.8,-1.0
66.00000000000053,644.7749,-563.263,1.2582,-0.0964,-0.0,6.7,13.4,9.8,3.8,-1.0
66.10000000000052,644.7806,-563.2756,1.2526,-0.1074,-0.0,6.7,13.4,9.8,3.8,-1.0
66.20000000000051,644.7867,-563.2896,1.2463,-0.1182,-0.0,6.7,13.4,9.8,3.8,-1.0
66.30000000000051,644.7801,-563.2975,1.2486,-0.0819,-0.0,6.7,13.4,9.8,3.8,-1.0
66.4000000000005,644.7698,-563.3033,1.2535,-0.0926,-0.0,6.7,13.4,9.8,3.8,-1.0
66.5000000000005,644.7583,-563.3098,1.2589,-0.1036,-0.0,6.7,13.4,9.8,3.8,-1.0
66.60000000000049,644.7455,-563.3172,1.265,-0.1145,-0.0,6.7,13.4,9.8,3.8,-1.0
66.70000000000049,644.7464,-563.3275,1.2626,-0.0822,-0.0,6.7,13.4,9.8,3.8,-1.0
66.80000000000048,644.7513,-563.3383,1.2577,-0.093,-0.0,6.7,13.4,9.8,3.8,-1.0
66.90000000000047,644.7567,-563.3504,1.2522,-0.104,-0.0,6.7,13.4,9.8,3.8,-1.0
67.00000000000047,644.7496,-563.3578,1.255,-0.0849,-0.0,6.7,13.4,9.8,3.8,-1.0
67.10000000000046,644.7516,-563.3675,1.252,-0.0845,-0.0,6.7,13.4,9.8,3.8,-1.0
67.20000000000046,644.7565,-563.3786,1.247,-0.0952,-0.0,6.7,13.4,9.8,3.8,-1.0
67.30000000000045,644.762,-563.3911,1.2414,-0.1062,-0.0,6.7,13.4,9.8,3.8,-1.0
67.40000000000045,644.7549,-563.3985,1.2441,-0.0845,-0.0,6.7,13.4,9.8,3.8,-1.0
67.50000000000044,644.7442,-563.4045,1.249,-0.0953,-0.0,6.7,13.4,9.8,3.8,-1.0
67.60000000000043,644.7459,-563.4145,1.2461,-0.0858,-0.0,6.7,13.4,9.8,3.8,-1.0
67.70000000000043,644.7508,-563.4258,1.2411,-0.0965,-0.0,6.7,13.4,9.8,3.8,-1.0
67.80000000000042,644.7434,-563.4329,1.244,-0.0858,-0.0,6.7,13.4,9.8,3.8,-1.0
67.90000000000042,644.7453,-563.4426,1.241,-0.0848,-0.0,6.7,13.4,9.8,3.8,-1.0
68.00000000000041,644.7379,-563.4492,1.244,-0.0843,-0.0,6.7,13.4,9.8,3.8,-1.0
68.1000000000004,644.7273,-563.4551,1.2489,-0.095,-0.0,6.7,13.4,9.8,3.8,-1.0
68.2000000000004,644.729,-563.4651,1.246,-0.0858,-0.0,6.7,13.4,9.8,3.8,-1.0
68.3000000000004,644.7339,-563.4764,1.241,-0.0965,-0.0,6.7,13.4,9.8,3.8,-1.0
68.40000000000039,644.7265,-563.4835,1.2439,-0.0858,-0.0,6.7,13.4,9.8,3.8,-1.0
68.50000000000038,644.7157,-563.4895,1.2489,-0.0966,-0.0,6.7,13.4,9.8,3.8,-1.0
68.60000000000038,644.7173,-563.4996,1.246,-0.0857,-0.0,6.7,13.4,9.8,3.8,-1.0
68.70000000000037,644.7222,-563.5109,1.241,-0.0964,-0.0,6.7,13.4,9.8,3.8,-1.0
68.80000000000037,644.7277,-563.5235,1.2353,-0.1074,-0.0,6.7,13.4,9.8,3.8,-1.0
68.90000000000036,644.7205,-563.5309,1.238,-0.0843,-0.0,6.7,13.4,9.8,3.8,-1.0
69.00000000000036,644.7099,-563.5368,1.2429,-0.095,-0.0,6.7,13.4,9.8,3.8,-1.0
69.10000000000035,644.7115,-563.5468,1.24,-0.0858,-0.0,6.7,13.4,9.8,3.8,-1.0
69.20000000000034,644.7164,-563.5582,1.2349,-0.0965,-0.0,6.7,13.4,9.8,3.8,-1.0
69.30000000000034,644.7217,-563.5709,1.2293,-0.1075,-0.0,6.7,13.4,9.8,3.8,-1.0
69.40000000000033,644.7276,-563.585,1.223,-0.1183,-0.0,6.7,13.4,9.8,3.8,-1.0
69.50000000000033,644.7208,-563.5928,1.2253,-0.0818,-0.0,6.7,13.4,9.8,3.8,-1.0
69.60000000000032,644.7104,-563.5983,1.2302,-0.0926,-0.0,6.7,13.4,9.8,3.8,-1.0
69.70000000000032,644.6987,-563.6046,1.2356,-0.1036,-0.0,6.7,13.4,9.8,3.8,-1.0
69.80000000000031,644.6857,-563.6117,1.2417,-0.1145,-0.0,6.7,13.4,9.8,3.8,-1.0
69.9000000000003,644.6864,-563.622,1.2393,-0.0822,-0.0,6.7,13.4,9.8,3.8,-1.0
70.0000000000003,644.691,-563.6329,1.2344,-0.093,-0.0,6.7,13.4,9.8,3.8,-1.0
70.10000000000029,644.6962,-563.6452,1.2289,-0.104,-0.0,6.7,13.4,9.8,3.8,-1.0
70.20000000000029,644.7019,-563.6588,1.2229,-0.1149,-0.0,6.7,13.4,9.8,3.8,-1.0
70.30000000000028,644.708,-563.6739,1.2162,-0.1257,-0.0,6.7,13.4,9.8,3.8,-1.0
70.40000000000028,644.7014,-563.682,1.2183,-0.0801,-0.0,6.7,13.4,9.8,3.8,-1.0
70.50000000000027,644.6912,-563.6873,1.223,-0.0909,-0.0,6.7,13.4,9.8,3.8,-1.0
70.60000000000026,644.6927,-563.6974,1.22,-0.0857,-0.0,6.7,13.4,9.8,3.8,-1.0
70.70000000000026,644.6974,-563.7088,1.215,-0.0965,-0.0,6.7,13.4,9.8,3.8,-1.0
70.80000000000025,644.7025,-563.7216,1.2093,-0.1074,-0.0,6.7,13.4,9.8,3.8,-1.0
70.90000000000025,644.708,-563.7358,1.203,-0.1183,-0.0,6.7,13.4,9.8,3.8,-1.0
71.00000000000024,644.7011,-563.7434,1.2054,-0.0818,-0.0,6.7,13.4,9.8,3.8,-1.0
71.10000000000024,644.6905,-563.7488,1.2102,-0.0926,-0.0,6.7,13.4,9.8,3.8,-1.0
71.20000000000023,644.6787,-563.7548,1.2156,-0.1036,-0.0,6.7,13.4,9.8,3.8,-1.0
